Key,Value/Type_5_BF08F4064B9CF244C30C7788588CFDF5,Value/IsShard_22_B55CC7A74F39BCC3C9CAF89C8205672C,Value/IsGradeValue_40_F9BFCF7648702BD90301C7A165225A46,Value/EquipType_25_DEF1C32D420ACBA29D5AA0B5D0AE0D20,Value/ItemID_31_461716F74C5895124D82E0B3CA33B6B3,Value/RankMinValue_13_9BFEECC74D2F4182BE533180CAB65B5D,Value/RankMaxValue_14_AA320341476CDE86FC5AAA8C355BA3A5,Value/GradeMinValue_17_91AE73DD41FDAAC8F8DA31AD866DCA50,Value/GradeMaxvalue_18_93F3C28741CDEF08451A2C8C3D6083A0,Value/EquipValue_28_5CFE97924D56254C9B62AF83698220FC,Value/DefaultValue_36_E89AC59B4CE8DA314A516BAB741AA8CB
DUMMY,EPBEquipSpecialAttribute::None,FALSE,FALSE,ECarriedCatalog::None,None,0,0,0,0,0,0
GunBulletReduceRate16,EPBEquipSpecialAttribute::GunBulletReduceRate,FALSE,FALSE,ECarriedCatalog::Head,Westernhat,0,0,0,0,1,0
GunBulletAttackrate17,EPBEquipSpecialAttribute::GunBulletAttackrate,FALSE,FALSE,ECarriedCatalog::Head,Westernhat,0,0,0,0,1,0
GunBulletAttackrate18,EPBEquipSpecialAttribute::GunBulletAttackrate,FALSE,FALSE,ECarriedCatalog::Head,CowboyHat,0,0,0,0,0.5,0
GunBulletReduceRate19,EPBEquipSpecialAttribute::GunBulletReduceRate,FALSE,FALSE,ECarriedCatalog::Head,Recyclehat,0,0,0,0,-1,0
GunBulletReduceNum20,EPBEquipSpecialAttribute::GunBulletReduceNum,FALSE,FALSE,ECarriedCatalog::Bullet,Shotshell,0,0,0,0,4,0
FlaDamageRate21,EPBEquipSpecialAttribute::FlaDamageRate,FALSE,FALSE,ECarriedCatalog::Accessory1,Flamering,0,0,0,0,0.2,0
IceDamageRate22,EPBEquipSpecialAttribute::IceDamageRate,FALSE,FALSE,ECarriedCatalog::Accessory1,Icering,0,0,0,0,0.2,0
LigDamageRate23,EPBEquipSpecialAttribute::LigDamageRate,FALSE,FALSE,ECarriedCatalog::Accessory1,Thunderring,0,0,0,0,0.2,0
FlaDamageRate24,EPBEquipSpecialAttribute::FlaDamageRate,FALSE,FALSE,ECarriedCatalog::Accessory2,Flamering,0,0,0,0,0.2,0
IceDamageRate25,EPBEquipSpecialAttribute::IceDamageRate,FALSE,FALSE,ECarriedCatalog::Accessory2,Icering,0,0,0,0,0.2,0
LigDamageRate26,EPBEquipSpecialAttribute::LigDamageRate,FALSE,FALSE,ECarriedCatalog::Accessory2,Thunderring,0,0,0,0,0.2,0
MPRecoverySpeedRate27,EPBEquipSpecialAttribute::MPRecoverySpeedRate,FALSE,FALSE,ECarriedCatalog::Head,Magushat,0,0,0,0,0.2,0
AttackSpeedRate28,EPBEquipSpecialAttribute::AttackSpeedRate,FALSE,FALSE,ECarriedCatalog::Body,Assassinvest,0,0,0,0,0.1,0
DamageVanishCondition29,EPBEquipSpecialAttribute::DamageVanishCondition,FALSE,FALSE,ECarriedCatalog::Body,Featherrobe,0,0,0,0,100,0
GimmickDamageRate30,EPBEquipSpecialAttribute::GimmickDamageRate,FALSE,FALSE,ECarriedCatalog::Body,BreastplateofAguilar,0,0,0,0,100,0
RecoveryHpRate31,EPBEquipSpecialAttribute::RecoveryHpRate,FALSE,FALSE,ECarriedCatalog::Accessory1,UnicornRing,0,0,0,0,0.2,0
RecoveryHpRate32,EPBEquipSpecialAttribute::RecoveryHpRate,FALSE,FALSE,ECarriedCatalog::Accessory2,UnicornRing,0,0,0,0,0.2,0
CriticalRate33,EPBEquipSpecialAttribute::CriticalRate,FALSE,FALSE,ECarriedCatalog::Accessory1,Criticalring,0,0,0,0,10,0
CriticalRate34,EPBEquipSpecialAttribute::CriticalRate,FALSE,FALSE,ECarriedCatalog::Accessory2,Criticalring,0,0,0,0,10,0
BackStepRate35,EPBEquipSpecialAttribute::BackStepRate,FALSE,FALSE,ECarriedCatalog::Accessory1,Moonring,0,0,0,0,0.2,0
BackStepRate36,EPBEquipSpecialAttribute::BackStepRate,FALSE,FALSE,ECarriedCatalog::Accessory2,Moonring,0,0,0,0,0.2,0
SlidingRate37,EPBEquipSpecialAttribute::SlidingRate,FALSE,FALSE,ECarriedCatalog::Accessory1,Striderbelt,0,0,0,0,0.2,0
SlidingRate38,EPBEquipSpecialAttribute::SlidingRate,FALSE,FALSE,ECarriedCatalog::Accessory2,Striderbelt,0,0,0,0,0.2,0
CriticalRate39,EPBEquipSpecialAttribute::CriticalRate,FALSE,FALSE,ECarriedCatalog::Accessory1,AssassinsRing,0,0,0,0,5,0
CriticalRate40,EPBEquipSpecialAttribute::CriticalRate,FALSE,FALSE,ECarriedCatalog::Accessory2,AssassinsRing,0,0,0,0,5,0
CriticalDamageRate41,EPBEquipSpecialAttribute::CriticalDamageRate,FALSE,FALSE,ECarriedCatalog::Accessory1,AssassinsRing,0,0,0,0,0.1,0
CriticalDamageRate42,EPBEquipSpecialAttribute::CriticalDamageRate,FALSE,FALSE,ECarriedCatalog::Accessory2,AssassinsRing,0,0,0,0,0.1,0
RecoveryMpRate43,EPBEquipSpecialAttribute::RecoveryMpRate,FALSE,FALSE,ECarriedCatalog::Accessory1,RoseRing,0,0,0,0,0.25,0
RecoveryMpRate44,EPBEquipSpecialAttribute::RecoveryMpRate,FALSE,FALSE,ECarriedCatalog::Accessory2,RoseRing,0,0,0,0,0.25,0
ShardAttackRate47,EPBEquipSpecialAttribute::ShardAttackRate,FALSE,FALSE,ECarriedCatalog::Accessory1,SkullNecklace,0,0,0,0,0.5,0
ShardMpRate48,EPBEquipSpecialAttribute::ShardMpRate,FALSE,FALSE,ECarriedCatalog::Accessory1,SkullNecklace,0,0,0,0,1,0
ShardAttackRate49,EPBEquipSpecialAttribute::ShardAttackRate,FALSE,FALSE,ECarriedCatalog::Accessory2,SkullNecklace,0,0,0,0,0.5,0
ShardMpRate50,EPBEquipSpecialAttribute::ShardMpRate,FALSE,FALSE,ECarriedCatalog::Accessory2,SkullNecklace,0,0,0,0,1,0
GainExpRate53,EPBEquipSpecialAttribute::GainExpRate,FALSE,FALSE,ECarriedCatalog::Accessory1,WeightedRing,0,0,0,0,0,0
GainExpRate54,EPBEquipSpecialAttribute::GainExpRate,FALSE,FALSE,ECarriedCatalog::Accessory2,WeightedRing,0,0,0,0,0,0
NormalMoveUpRate55,EPBEquipSpecialAttribute::NormalMoveUpRate,FALSE,FALSE,ECarriedCatalog::Accessory1,Speedstar,0,0,0,0,0.15,0
NormalMoveUpRate56,EPBEquipSpecialAttribute::NormalMoveUpRate,FALSE,FALSE,ECarriedCatalog::Accessory2,Speedstar,0,0,0,0,0.15,0
DropMoneyRate57,EPBEquipSpecialAttribute::DropMoneyRate,FALSE,FALSE,ECarriedCatalog::Accessory1,CutpursesRing,0,0,0,0,0.1,0
DropMoneyRate58,EPBEquipSpecialAttribute::DropMoneyRate,FALSE,FALSE,ECarriedCatalog::Accessory2,CutpursesRing,0,0,0,0,0.1,0
DropItemRate59,EPBEquipSpecialAttribute::DropItemRate,FALSE,FALSE,ECarriedCatalog::Accessory1,PlunderersRing,0,0,0,0,0.25,0
DropItemRate60,EPBEquipSpecialAttribute::DropItemRate,FALSE,FALSE,ECarriedCatalog::Accessory2,PlunderersRing,0,0,0,0,0.25,0
MagicSpeedRate61,EPBEquipSpecialAttribute::MagicSpeedRate,FALSE,FALSE,ECarriedCatalog::Accessory1,DemonNecklace,0,0,0,0,0.2,0
MagicSpeedRate62,EPBEquipSpecialAttribute::MagicSpeedRate,FALSE,FALSE,ECarriedCatalog::Accessory2,DemonNecklace,0,0,0,0,0.2,0
AttackSpeedRate64,EPBEquipSpecialAttribute::AttackSpeedRate,FALSE,FALSE,ECarriedCatalog::Accessory1,Blackbelt,0,0,0,0,0.1,0
AttackSpeedRate65,EPBEquipSpecialAttribute::AttackSpeedRate,FALSE,FALSE,ECarriedCatalog::Accessory2,Blackbelt,0,0,0,0,0.1,0
CriticalDamageRate66,EPBEquipSpecialAttribute::CriticalDamageRate,FALSE,FALSE,ECarriedCatalog::Accessory1,LethalityRing,0,0,0,0,0.2,0
CriticalDamageRate67,EPBEquipSpecialAttribute::CriticalDamageRate,FALSE,FALSE,ECarriedCatalog::Accessory2,LethalityRing,0,0,0,0,0.2,0
ShardMpRate68,EPBEquipSpecialAttribute::ShardMpRate,FALSE,FALSE,ECarriedCatalog::Accessory1,WarlocksNecklace,0,0,0,0,-0.2,0
ShardMpRate69,EPBEquipSpecialAttribute::ShardMpRate,FALSE,FALSE,ECarriedCatalog::Accessory2,WarlocksNecklace,0,0,0,0,-0.2,0
DropShardRate70,EPBEquipSpecialAttribute::DropShardRate,FALSE,FALSE,ECarriedCatalog::Accessory1,RingofSolomon,0,0,0,0,0.1,0
DropShardRate71,EPBEquipSpecialAttribute::DropShardRate,FALSE,FALSE,ECarriedCatalog::Accessory2,RingofSolomon,0,0,0,0,0.1,0
MapAchievedAttackRate81,EPBEquipSpecialAttribute::MapAchievedAttackRate,FALSE,FALSE,ECarriedCatalog::Accessory1,Walkerking,0,0,0,0,1,0
MapAchievedAttackRate82,EPBEquipSpecialAttribute::MapAchievedAttackRate,FALSE,FALSE,ECarriedCatalog::Accessory2,Walkerking,0,0,0,0,1,0
HaveMoneyAttackRate84,EPBEquipSpecialAttribute::HaveMoneyAttackRate,FALSE,FALSE,ECarriedCatalog::Accessory1,Goldmanring,0,0,0,0,1,0
HaveMoneyAttackRate85,EPBEquipSpecialAttribute::HaveMoneyAttackRate,FALSE,FALSE,ECarriedCatalog::Accessory2,Goldmanring,0,0,0,0,1,0
BadStatusAttackRate87,EPBEquipSpecialAttribute::BadStatusAttackRate,FALSE,FALSE,ECarriedCatalog::Accessory1,Adversityring,0,0,0,0,1,0
BadStatusAttackRate88,EPBEquipSpecialAttribute::BadStatusAttackRate,FALSE,FALSE,ECarriedCatalog::Accessory2,Adversityring,0,0,0,0,1,0
KillEnemyAttackRate90,EPBEquipSpecialAttribute::KillEnemyAttackRate,FALSE,FALSE,ECarriedCatalog::Accessory1,Silvermanring,0,0,0,0,1,0
KillEnemyAttackRate91,EPBEquipSpecialAttribute::KillEnemyAttackRate,FALSE,FALSE,ECarriedCatalog::Accessory2,Silvermanring,0,0,0,0,1,0
ShardMpRate94,EPBEquipSpecialAttribute::ShardMpRate,FALSE,FALSE,ECarriedCatalog::Accessory1,Gebelsglasses,0,0,0,0,-100,0
ShardMpRate95,EPBEquipSpecialAttribute::ShardMpRate,FALSE,FALSE,ECarriedCatalog::Accessory2,Gebelsglasses,0,0,0,0,-100,0
CriticalRate101,EPBEquipSpecialAttribute::CriticalRate,TRUE,FALSE,ECarriedCatalog::EnchantShard,LUKEnhance,5,10,5,10,0,0
MaxHpUp102,EPBEquipSpecialAttribute::MaxHpUp,TRUE,FALSE,ECarriedCatalog::EnchantShard,CONEnhance,10,100,10,100,0,0
MagicSpeedRate103,EPBEquipSpecialAttribute::MagicSpeedRate,TRUE,FALSE,ECarriedCatalog::EnchantShard,INTEnhance,0.1,0.25,0.1,0.25,0,0
MaxMpUp104,EPBEquipSpecialAttribute::MaxMpUp,TRUE,FALSE,ECarriedCatalog::EnchantShard,MNDEnhance,5,50,5,50,0,0
AttackSpeedRate105,EPBEquipSpecialAttribute::AttackSpeedRate,TRUE,FALSE,ECarriedCatalog::EnchantShard,STREnhance,0.05,0.15,0.05,0.15,0,0
DropMoneyRate106,EPBEquipSpecialAttribute::DropMoneyRate,TRUE,FALSE,ECarriedCatalog::EnchantShard,EnhancedGOLD,0.1,0.5,0.1,0.5,0,0
ShardMPRate107,EPBEquipSpecialAttribute::ShardMpRate,TRUE,TRUE,ECarriedCatalog::EnchantShard,Wisdomwords,-0.1,-0.25,-0.1,-0.25,0,0
ShardMpZeroRate108,EPBEquipSpecialAttribute::ShardMpZeroRate,TRUE,FALSE,ECarriedCatalog::EnchantShard,Wisdomwords,0.1,0.2,0.1,0.2,0,0
IgnoreRateZAN112,EPBEquipSpecialAttribute::IgnoreRateZAN,TRUE,FALSE,ECarriedCatalog::EnchantShard,Resistedge,5,10,5,10,0,0
IgnoreRateTOT113,EPBEquipSpecialAttribute::IgnoreRateTOT,TRUE,FALSE,ECarriedCatalog::EnchantShard,Resistthrust,5,10,5,10,0,0
IgnoreRateDAG114,EPBEquipSpecialAttribute::IgnoreRateDAG,TRUE,FALSE,ECarriedCatalog::EnchantShard,ResistBrow,5,10,5,10,0,0
IgnoreRateFLA115,EPBEquipSpecialAttribute::IgnoreRateFLA,TRUE,FALSE,ECarriedCatalog::EnchantShard,ResistFire,5,10,5,10,0,0
IgnoreRateICE116,EPBEquipSpecialAttribute::IgnoreRateICE,TRUE,FALSE,ECarriedCatalog::EnchantShard,Resistice,5,10,5,10,0,0
IgnoreRateLIG117,EPBEquipSpecialAttribute::IgnoreRateLIG,TRUE,FALSE,ECarriedCatalog::EnchantShard,ResistThunder,5,10,5,10,0,0
IgnoreRateHOL118,EPBEquipSpecialAttribute::IgnoreRateHOL,TRUE,FALSE,ECarriedCatalog::EnchantShard,ResistHorley,5,10,5,10,0,0
IgnoreRateDAR119,EPBEquipSpecialAttribute::IgnoreRateDAR,TRUE,FALSE,ECarriedCatalog::EnchantShard,Resistdark,5,10,5,10,0,0
IgnoreRatePOI120,EPBEquipSpecialAttribute::IgnoreRatePOI,TRUE,FALSE,ECarriedCatalog::EnchantShard,ResistPoison,5,10,5,10,0,0
IgnoreRateCUR121,EPBEquipSpecialAttribute::IgnoreRateCUR,TRUE,FALSE,ECarriedCatalog::EnchantShard,Resistcurse,5,10,5,10,0,0
IgnoreRateSTO122,EPBEquipSpecialAttribute::IgnoreRateSTO,TRUE,FALSE,ECarriedCatalog::EnchantShard,ResistPetri,5,10,5,10,0,0
IgnoreMagicRate123,EPBEquipSpecialAttribute::None,TRUE,FALSE,ECarriedCatalog::EnchantShard,Resistmagic,5,10,5,10,0,0
WhipAttackRate125,EPBEquipSpecialAttribute::WhipAttackRate,TRUE,TRUE,ECarriedCatalog::EnchantShard,WhipMastery,0.1,0.25,0.1,0.25,0,0
GunAttackRate126,EPBEquipSpecialAttribute::GunAttackRate,TRUE,TRUE,ECarriedCatalog::EnchantShard,GunMastery,0.1,0.25,0.1,0.25,0,0
BootsAttackRate127,EPBEquipSpecialAttribute::BootsAttackRate,TRUE,TRUE,ECarriedCatalog::EnchantShard,KickMastery,0.1,0.25,0.1,0.25,0,0
LargeSwordAttackRate128,EPBEquipSpecialAttribute::LargeSwordAttackRate,TRUE,TRUE,ECarriedCatalog::EnchantShard,GreatSwordMastery,0.1,0.25,0.1,0.25,0,0
SpearAttackRate129,EPBEquipSpecialAttribute::SpearAttackRate,TRUE,TRUE,ECarriedCatalog::EnchantShard,SpearMastery,0.1,0.25,0.1,0.25,0,0
ShortSwordAttackRate130,EPBEquipSpecialAttribute::ShortSwordAttackRate,TRUE,TRUE,ECarriedCatalog::EnchantShard,SwordMastery,0.1,0.25,0.1,0.25,0,0
KnifeAttackRate131,EPBEquipSpecialAttribute::KnifeAttackRate,TRUE,TRUE,ECarriedCatalog::EnchantShard,KnifeMastery,0.1,0.25,0.1,0.25,0,0
KatanaAttackRate132,EPBEquipSpecialAttribute::KatanaAttackRate,TRUE,TRUE,ECarriedCatalog::EnchantShard,JapanSwordMastery,0.1,0.25,0.1,0.25,0,0
WaterBuffValue134,EPBEquipSpecialAttribute::WaterBuffValue,TRUE,FALSE,ECarriedCatalog::Skill,DeepSinker,1,9,1,9,0,0
OptimizerAttackRate136,EPBEquipSpecialAttribute::OptimizerAttackRate,TRUE,FALSE,ECarriedCatalog::EnchantShard,optimizer,0.1,0.25,0.1,0.25,0,0
RegenerationInWater139,EPBEquipSpecialAttribute::RegenerationInWater,TRUE,FALSE,ECarriedCatalog::EnchantShard,Submariner,0.5,1,0.5,1,0,0
RegenerationInterval140,EPBEquipSpecialAttribute::RegenerationInterval,TRUE,FALSE,ECarriedCatalog::EnchantShard,Submariner,-0.5,-1.5,-0.5,-1.5,0,0
WaterSpeedHorizontalRate141,EPBEquipSpecialAttribute::WaterSpeedHorizontalRate,TRUE,TRUE,ECarriedCatalog::EnchantShard,Submariner,0.2,0.4,0.2,0.4,0,0
SellingPriceRate145,EPBEquipSpecialAttribute::SellingPriceRate,TRUE,FALSE,ECarriedCatalog::EnchantShard,Moneyispower,0.1,0.25,0.1,0.25,0,0
MoneyIsPowerStatusRate146,EPBEquipSpecialAttribute::MoneyIsPowerStatusRate,TRUE,TRUE,ECarriedCatalog::EnchantShard,Moneyispower,1,1,1,1,0,0
RegenerationRate148,EPBEquipSpecialAttribute::RegenerationRate,TRUE,TRUE,ECarriedCatalog::EnchantShard,Regeneration,0.1,0.5,0.1,0.5,0,0
RegenerationInterval149,EPBEquipSpecialAttribute::RegenerationInterval,TRUE,FALSE,ECarriedCatalog::EnchantShard,Regeneration,-0.5,-1.5,-0.5,-1.5,0,0
CriticalRate158,EPBEquipSpecialAttribute::CriticalRate,TRUE,FALSE,ECarriedCatalog::Skill,SkilledLUKEnhance,5,20,5,20,0,0
MaxHpUp159,EPBEquipSpecialAttribute::MaxHpUp,TRUE,FALSE,ECarriedCatalog::Skill,SkilledCONEnhance,10,100,10,100,0,0
MagicSpeedRate160,EPBEquipSpecialAttribute::MagicSpeedRate,TRUE,FALSE,ECarriedCatalog::Skill,SkilledINTEnhance,0.1,0.25,0.1,0.25,0,0
MaxMpUp161,EPBEquipSpecialAttribute::MaxMpUp,TRUE,FALSE,ECarriedCatalog::Skill,SkilledMNDEnhance,5,50,5,50,0,0
AttackSpeedRate162,EPBEquipSpecialAttribute::AttackSpeedRate,TRUE,FALSE,ECarriedCatalog::Skill,SkilledSTREnhance,0.05,0.15,0.05,0.15,0,0
DropMoneyRate163,EPBEquipSpecialAttribute::DropMoneyRate,TRUE,FALSE,ECarriedCatalog::Skill,SkilledEnhancedGOLD,0.1,0.5,0.1,0.5,0,0
ShardMPRate164,EPBEquipSpecialAttribute::ShardMpRate,TRUE,TRUE,ECarriedCatalog::Skill,SkilledWisdomwords,-0.1,-0.25,-0.1,-0.25,0,0
ShardMpZeroRate165,EPBEquipSpecialAttribute::ShardMpZeroRate,TRUE,FALSE,ECarriedCatalog::Skill,SkilledWisdomwords,0.1,0.2,0.1,0.2,0,0
IgnoreRateZAN167,EPBEquipSpecialAttribute::IgnoreRateZAN,TRUE,FALSE,ECarriedCatalog::Skill,SkilledResistedge,5,10,5,10,0,0
IgnoreRateTOT168,EPBEquipSpecialAttribute::IgnoreRateTOT,TRUE,FALSE,ECarriedCatalog::Skill,SkilledResistthrust,5,10,5,10,0,0
IgnoreRateDAG169,EPBEquipSpecialAttribute::IgnoreRateDAG,TRUE,FALSE,ECarriedCatalog::Skill,SkilledResistBrow,5,10,5,10,0,0
IgnoreRateFLA170,EPBEquipSpecialAttribute::IgnoreRateFLA,TRUE,FALSE,ECarriedCatalog::Skill,SkilledResistFire,5,10,5,10,0,0
IgnoreRateICE171,EPBEquipSpecialAttribute::IgnoreRateICE,TRUE,FALSE,ECarriedCatalog::Skill,SkilledResistice,5,10,5,10,0,0
IgnoreRateLIG172,EPBEquipSpecialAttribute::IgnoreRateLIG,TRUE,FALSE,ECarriedCatalog::Skill,SkilledResistThunder,5,10,5,10,0,0
IgnoreRateHOL173,EPBEquipSpecialAttribute::IgnoreRateHOL,TRUE,FALSE,ECarriedCatalog::Skill,SkilledResistHorley,5,10,5,10,0,0
IgnoreRateDAR174,EPBEquipSpecialAttribute::IgnoreRateDAR,TRUE,FALSE,ECarriedCatalog::Skill,SkilledResistdark,5,10,5,10,0,0
IgnoreRatePOI175,EPBEquipSpecialAttribute::IgnoreRatePOI,TRUE,FALSE,ECarriedCatalog::Skill,SkilledResistPoison,5,10,5,10,0,0
IgnoreRateCUR176,EPBEquipSpecialAttribute::IgnoreRateCUR,TRUE,FALSE,ECarriedCatalog::Skill,SkilledResistcurse,5,10,5,10,0,0
IgnoreRateSTO177,EPBEquipSpecialAttribute::IgnoreRateSTO,TRUE,FALSE,ECarriedCatalog::Skill,SkilledResistPetri,5,10,5,10,0,0
IgnoreMagicRate178,EPBEquipSpecialAttribute::None,TRUE,FALSE,ECarriedCatalog::Skill,SkilledResistmagic,5,10,5,10,0,0
WhipAttackRate180,EPBEquipSpecialAttribute::WhipAttackRate,TRUE,TRUE,ECarriedCatalog::Skill,SkilledWhipMastery,0.1,0.25,0.1,0.25,0,0
GunAttackRate181,EPBEquipSpecialAttribute::GunAttackRate,TRUE,TRUE,ECarriedCatalog::Skill,SkilledGunMastery,0.1,0.25,0.1,0.25,0,0
BootsAttackRate182,EPBEquipSpecialAttribute::BootsAttackRate,TRUE,TRUE,ECarriedCatalog::Skill,SkilledKickMastery,0.1,0.25,0.1,0.25,0,0
LargeSwordAttackRate183,EPBEquipSpecialAttribute::LargeSwordAttackRate,TRUE,TRUE,ECarriedCatalog::Skill,SkilledGreatSwordMastery,0.1,0.25,0.1,0.25,0,0
SpearAttackRate184,EPBEquipSpecialAttribute::SpearAttackRate,TRUE,TRUE,ECarriedCatalog::Skill,SkilledSpearMastery,0.1,0.25,0.1,0.25,0,0
ShortSwordAttackRate185,EPBEquipSpecialAttribute::ShortSwordAttackRate,TRUE,TRUE,ECarriedCatalog::Skill,SkilledSwordMastery,0.1,0.25,0.1,0.25,0,0
KnifeAttackRate186,EPBEquipSpecialAttribute::KnifeAttackRate,TRUE,TRUE,ECarriedCatalog::Skill,SkilledKnifeMastery,0.1,0.25,0.1,0.25,0,0
KatanaAttackRate187,EPBEquipSpecialAttribute::KatanaAttackRate,TRUE,TRUE,ECarriedCatalog::Skill,SkilledJapanSwordMastery,0.1,0.25,0.1,0.25,0,0
OptimizerAttackRate190,EPBEquipSpecialAttribute::OptimizerAttackRate,TRUE,FALSE,ECarriedCatalog::Skill,Skilledoptimizer,0.1,0.25,0.1,0.25,0,0
RegenerationRate194,EPBEquipSpecialAttribute::RegenerationRate,TRUE,TRUE,ECarriedCatalog::Skill,SkilledRegeneration,0.1,0.5,0.1,0.5,0,0
RegenerationInterval195,EPBEquipSpecialAttribute::RegenerationInterval,TRUE,FALSE,ECarriedCatalog::Skill,SkilledRegeneration,-0.5,-1.5,-0.5,-1.5,0,0
SellingPriceRate198,EPBEquipSpecialAttribute::SellingPriceRate,TRUE,FALSE,ECarriedCatalog::Skill,SkilledMoneyispower,0.1,0.25,0.1,0.25,0,0
MoneyIsPowerStatusRate199,EPBEquipSpecialAttribute::MoneyIsPowerStatusRate,TRUE,TRUE,ECarriedCatalog::Skill,SkilledMoneyispower,1,1,1,1,0,0
RegenerationInWater202,EPBEquipSpecialAttribute::RegenerationInWater,TRUE,FALSE,ECarriedCatalog::Skill,SkilledSubmariner,0.5,1,0.5,1,0,0
WaterSpeedHorizontalRate204,EPBEquipSpecialAttribute::WaterSpeedHorizontalRate,TRUE,TRUE,ECarriedCatalog::Skill,SkilledSubmariner,0.2,0.4,0.2,0.4,0,0
GainExpRate205,EPBEquipSpecialAttribute::GainExpRate,FALSE,FALSE,ECarriedCatalog::Muffler,Muffler,0,0,0,0,-1,0
GainExpRate206,EPBEquipSpecialAttribute::GainExpRate,FALSE,FALSE,ECarriedCatalog::Muffler,Turbinemuffler,0,0,0,0,-1,0
GainExpRate207,EPBEquipSpecialAttribute::GainExpRate,FALSE,FALSE,ECarriedCatalog::Muffler,Batwing,0,0,0,0,-1,0
GainExpRate208,EPBEquipSpecialAttribute::GainExpRate,FALSE,FALSE,ECarriedCatalog::Muffler,Outlinestyle,0,0,0,0,-1,0
GainExpRate209,EPBEquipSpecialAttribute::GainExpRate,FALSE,FALSE,ECarriedCatalog::Muffler,Made-to-order,0,0,0,0,-1,0
GainExpRate210,EPBEquipSpecialAttribute::GainExpRate,FALSE,FALSE,ECarriedCatalog::Muffler,Usagimuffler,0,0,0,0,-1,0
GainExpRate211,EPBEquipSpecialAttribute::GainExpRate,FALSE,FALSE,ECarriedCatalog::Muffler,FaerieScarf,0,0,0,0,-1,0
GainExpRate212,EPBEquipSpecialAttribute::GainExpRate,FALSE,FALSE,ECarriedCatalog::Muffler,Sendomuffler,0,0,0,0,-1,0
GainExpRate213,EPBEquipSpecialAttribute::GainExpRate,FALSE,FALSE,ECarriedCatalog::Muffler,Firemuffler,0,0,0,0,-1,0
GainExpRate214,EPBEquipSpecialAttribute::GainExpRate,FALSE,FALSE,ECarriedCatalog::Muffler,TalismanScarf,0,0,0,0,-1,0
GainExpRate215,EPBEquipSpecialAttribute::GainExpRate,FALSE,FALSE,ECarriedCatalog::Muffler,OvertheRainbow,0,0,0,0,-1,0
